sampleID,read_count,Lactobacillus_iners,Lactobacillus_hominis,Gardnerella_vaginalis,Sneathia_amnii,g_Streptococcus,g_Sphingobium,None,g_Blastomonas,g_Allorhizobium-Neorhizobium-Pararhizobium-Rhizobium,f_Comamonadaceae,g_Gemella,Atopobium_vaginae,Lactobacillus_crispatus,g_Escherichia.Shigella,Prevotella_bivia,g_Methanosaeta,k_Eukaryota,g_Aerococcus,g_Anaerococcus,Sneathia_sanguinegens,BVAB2/BVAB3,g_Methylobacterium-Methylorubrum,Prevotella_amnii,g_Acinetobacter,Prevotella_timonensis,Prevotella_disiens,g_Saccharimonadales,g_Shinella,g_Peptostreptococcus,g_Mycoplasma,g_Parvimonas,g_Megasphaera,k_Bacteria,Prevotella_melaninogenica,g_Ureaplasma,g_Dialister,g_DNF00809,g_Lactobacillus,g_Mycobacterium,g_Peptoniphilus,g_Howardella,g_Veillonella,g_Porphyromonas,g_Finegoldia,g_Methyloversatilis,Lactobacillus_gasseri,g_Delftia,g_Atopobium,g_Rhodobacter,Prevotella_buccalis,g_Mageibacillus,g_Porphyrobacter,g_Phyllobacterium,f_Sphingomonadaceae,g_Cetobacterium,f_Caulobacteraceae,g_Acidovorax,g_Pseudomonas,g_Rikenellaceae_RC9_gut_group,g_Chloroplast,g_Moryella,g_Corynebacterium,g_Muribaculaceae,g_Sphingomonas,c_Bacilli,g_Enterococcus,g_Staphylococcus,g_Bosea,g_Sphingopyxis,g_Candidatus_Methanofastidiosum,g_Aeromonas,g_UCG-004,g_Bacillus,g_DSSF69,g_Succiniclasticum,g_Phreatobacter,g_Woesearchaeales,g_Lactococcus,k_Archaea,g_Weissella,Lactobacillus_jensenii,g_Brevibacillus,p_Firmicutes,g_Fusobacterium,g_Methanospirillum,f_Enterobacteriaceae,g_Sneathia,g_Butyrivibrio,g_Asaia,g_Comamonas,g_Bulleidia,g_Methanomethylovorans,g_NK4A214_group,f_Leptotrichiaceae,g_Solobacterium,g_Mitochondria,g_Saccharofermentans,g_Acetobacter,g_Actinomyces,f_Prevotellaceae,g_Prevotella,Lactobacillus_brevis,g_Methanoculleus,g_Brevundimonas,g_Stenotrophomonas,g_Ralstonia,g_Methanobacterium,g_Shewanella,g_CL500-29_marine_group,Lactobacillus_fermentum,g_Methylobacter,g_Paenibacillus,f_Clostridiaceae,g_[Eubacterium]_coprostanoligenes_group,g_Lachnospiraceae_NK4A136_group,g_Klebsiella,g_Campylobacter,g_Veillonellaceae_UCG-001,c_Clostridia,Prevotella_colorans,g_Prevotellaceae_NK3B31_group,f_Lachnospiraceae,g_Fastidiosipila,g_Actinotignum,g_Pannonibacter,g_Truepera,g_Sutterella,o_Enterobacterales,g_Mucispirillum,g_Fenollaria,f_Yersiniaceae,g_Clostridium_sensu_stricto_1,g_uncultured,f_Rhodocyclaceae,uncultured_Prevotella,g_Bacteroides,g_Candidatus_Methanoplasma,o_Lactobacillales,g_Bifidobacterium,g_Pelagibacterium,g_Helicobacter,g_Candidatus_Soleaferrea,uncultured_Lactobacillus,g_Novosphingobium,f_Ruminococcaceae,g_Oscillibacter,g_Chlamydia,g_F082,o_Oscillospirales,g_Peptococcus,g_Alloprevotella,g_Anaerotruncus,g_Facklamia,g_Prevotellaceae_UCG-001,g_Christensenellaceae_R-7_group,g_Ruminococcaceae,g_Tsukamurella,g_Ruminococcus,g_Ezakiella,g_TM7a,g_Aureimonas,g_Bacteroidales_RF16_group,f_Micrococcaceae,f_Methanomethylophilaceae,g_Plesiomonas,o_Bacteroidales,g_Papillibacter,g_Family_XIII_AD3011_group,Prevotella_bergensis,g_Lawsonella,g_Varibaculum,g_RumEn_M2,Lactobacillus_intestinalis,g_Parabacteroides,p_Proteobacteria,g_Anaeroplasma,g_Alistipes,f_Oscillospiraceae,g_Arcanobacterium,g_Anaerovorax,g_Dubosiella,g_Chitinophaga,g_Butyricicoccus,f_Oxalobacteraceae,g_Caldisericum,g_Desulfovibrio,f_Staphylococcaceae,g_Akkermansia,g_Candidatus_Saccharimonas,g_WD2101_soil_group,g_Undibacterium,g_SP3-e08,g_UCG-010,g_Desulfosporosinus,g_[Ruminococcus]_gauvreauii_group,f_Microbacteriaceae,f_Bifidobacteriaceae,g_Erysipelatoclostridium,f_Selenomonadaceae,g_Clostridia_vadinBB60_group,g_Amnipila,g_Mobiluncus,g_ASF356,g_Muribaculum,g_Clostridia_UCG-014,g_Lachnospiraceae_UCG-004,g_Actinobaculum,g_Quinella,g_Pediococcus,g_Prevotellaceae_UCG-003,g_Lachnospiraceae_AC2044_group,g_Lachnospiraceae_UCG-006,g_Phacus,g_Deep_Sea_Euryarchaeotic_Group(DSEG),g_Megamonas,c_Bacteroidia,g_Pseudobutyrivibrio,g_U29-B03,f_Hyphomonadaceae,g_Lachnospiraceae_UCG-008,g_Aminicenantales,g_Romboutsia,g_[Eubacterium]_siraeum_group,g_Candidatus_Omnitrophus,g_UCG-011,g_vadinBE97,f_Pirellulaceae,g_Bacteroidales_UCG-001,g_Bacteroidales_BS11_gut_group,g_Paraprevotella,g_[Eubacterium]_nodatum_group,g_Family_XIII_UCG-001,g_Acetitomaculum,g_Erysipelothrix,g_Odoribacter,g_Ruminiclostridium,g_WCHB1-41,o_Rotaliida,g_Lachnospiraceae_FE2018_group,o_Euglenophyceae,g_Armatimonadales,f_Mycoplasmataceae,g_Pantoea,g_Herbaspirillum,I-A_sim,I-B_sim,II_sim,III-A_sim,III-B_sim,IV-A_sim,IV-B_sim,IV-C0_sim,IV-C1_sim,IV-C2_sim,IV-C3_sim,IV-C4_sim,V_sim,subCST,score,CST
W0002,17845.0,7908.0,6853.0,0.0,0.0,0.0,0.0,885.0,0.0,80.0,0.0,0.0,0.0,0.0,0.0,0.0,0.0,47.0,0.0,0.0,0.0,0.0,0.0,0.0,0.0,12.0,0.0,0.0,0.0,0.0,0.0,0.0,0.0,326.0,0.0,22.0,0.0,0.0,21.0,0.0,2.0,0.0,0.0,0.0,20.0,0.0,1330.0,0.0,0.0,0.0,0.0,0.0,0.0,0.0,0.0,0.0,0.0,0.0,0.0,0.0,0.0,0.0,0.0,0.0,0.0,252.0,0.0,0.0,0.0,0.0,0.0,0.0,0.0,0.0,0.0,0.0,0.0,35.0,0.0,34.0,0.0,0.0,0.0,2.0,0.0,0.0,0.0,0.0,0.0,0.0,0.0,0.0,0.0,0.0,0.0,0.0,0.0,0.0,0.0,0.0,0.0,0.0,0.0,0.0,0.0,0.0,0.0,0.0,0.0,0.0,0.0,0.0,0.0,0.0,0.0,0.0,0.0,0.0,0.0,0.0,16.0,0.0,0.0,0.0,0.0,0.0,0.0,0.0,0.0,0.0,0.0,0.0,0.0,0.0,0.0,0.0,0.0,0.0,0.0,0.0,0.0,0.0,0.0,0.0,0.0,0.0,0.0,0.0,0.0,0.0,0.0,0.0,0.0,0.0,0.0,0.0,0.0,0.0,0.0,0.0,0.0,0.0,0.0,0.0,0.0,0.0,0.0,0.0,0.0,0.0,0.0,0.0,0.0,0.0,0.0,0.0,0.0,0.0,0.0,0.0,0.0,0.0,0.0,0.0,0.0,0.0,0.0,0.0,0.0,0.0,0.0,0.0,0.0,0.0,0.0,0.0,0.0,0.0,0.0,0.0,0.0,0.0,0.0,0.0,0.0,0.0,0.0,0.0,0.0,0.0,0.0,0.0,0.0,0.0,0.0,0.0,0.0,0.0,0.0,0.0,0.0,0.0,0.0,0.0,0.0,0.0,0.0,0.0,0.0,0.0,0.0,0.0,0.0,0.0,0.0,0.0,0.0,0.0,0.0,0.0,0.0,0.0,0.0,0.0,0.0,0.0017222666168045576,0.034440336006874,0.10657358442601786,0.5194463373533662,0.5655801590486871,0.05162939579027407,0.11107340317289115,0.08784614112206635,0.01497306277536062,0.010872093752517666,0.001413194092587818,0.10556712150450971,0.19461613873966097,III-B,0.5655801590486871,III
W0006,12102.0,595.0,218.0,566.0,1309.0,0.0,0.0,3620.0,0.0,0.0,0.0,0.0,736.0,0.0,0.0,734.0,0.0,660.0,0.0,584.0,0.0,0.0,0.0,0.0,0.0,1214.0,0.0,0.0,0.0,202.0,1025.0,6.0,0.0,17.0,0.0,19.0,182.0,48.0,0.0,0.0,122.0,0.0,0.0,45.0,180.0,0.0,0.0,0.0,0.0,0.0,0.0,0.0,0.0,0.0,0.0,0.0,0.0,0.0,0.0,0.0,0.0,0.0,0.0,0.0,0.0,0.0,0.0,0.0,0.0,0.0,0.0,0.0,0.0,0.0,0.0,0.0,0.0,0.0,0.0,0.0,0.0,0.0,0.0,4.0,0.0,0.0,0.0,0.0,0.0,0.0,0.0,0.0,0.0,0.0,0.0,0.0,0.0,0.0,0.0,0.0,0.0,0.0,0.0,0.0,0.0,0.0,0.0,0.0,0.0,0.0,0.0,0.0,0.0,0.0,0.0,0.0,0.0,0.0,0.0,0.0,0.0,0.0,0.0,0.0,0.0,0.0,0.0,0.0,0.0,0.0,0.0,0.0,0.0,0.0,0.0,0.0,0.0,0.0,0.0,0.0,0.0,0.0,0.0,0.0,0.0,0.0,0.0,0.0,0.0,0.0,0.0,0.0,0.0,0.0,0.0,0.0,0.0,0.0,0.0,0.0,0.0,0.0,0.0,0.0,0.0,0.0,0.0,0.0,0.0,16.0,0.0,0.0,0.0,0.0,0.0,0.0,0.0,0.0,0.0,0.0,0.0,0.0,0.0,0.0,0.0,0.0,0.0,0.0,0.0,0.0,0.0,0.0,0.0,0.0,0.0,0.0,0.0,0.0,0.0,0.0,0.0,0.0,0.0,0.0,0.0,0.0,0.0,0.0,0.0,0.0,0.0,0.0,0.0,0.0,0.0,0.0,0.0,0.0,0.0,0.0,0.0,0.0,0.0,0.0,0.0,0.0,0.0,0.0,0.0,0.0,0.0,0.0,0.0,0.0,0.0,0.0,0.0,0.0,0.0,0.0,0.0,0.0,0.0,0.0,0.0,0.000435387941751231,0.007870229082451396,0.017371271875021486,0.04954515897560695,0.07268935228489548,0.0638120476461147,0.12990781317797345,0.11089377633708092,0.007706314747783056,0.003672062142631319,0.00460633362747666,0.02599670500367979,0.03712846493122851,IV-B,0.12990781317797345,IV-B
W0008,24098.0,469.0,406.0,2431.0,3891.0,0.0,0.0,7086.0,0.0,7.0,0.0,1665.0,0.0,0.0,0.0,1916.0,0.0,2838.0,738.0,74.0,0.0,0.0,0.0,0.0,0.0,441.0,398.0,0.0,0.0,444.0,0.0,0.0,0.0,62.0,0.0,6.0,111.0,0.0,0.0,0.0,343.0,9.0,311.0,0.0,357.0,0.0,0.0,0.0,0.0,0.0,0.0,0.0,0.0,0.0,0.0,0.0,0.0,0.0,0.0,0.0,0.0,0.0,0.0,0.0,0.0,0.0,0.0,0.0,0.0,0.0,0.0,0.0,0.0,0.0,0.0,0.0,0.0,0.0,0.0,0.0,0.0,0.0,0.0,0.0,0.0,0.0,0.0,20.0,0.0,0.0,0.0,0.0,0.0,0.0,2.0,17.0,4.0,0.0,0.0,35.0,0.0,0.0,0.0,0.0,0.0,0.0,0.0,0.0,0.0,0.0,0.0,0.0,0.0,0.0,0.0,0.0,0.0,0.0,0.0,0.0,0.0,0.0,0.0,0.0,14.0,0.0,0.0,0.0,0.0,0.0,0.0,0.0,0.0,0.0,0.0,0.0,0.0,0.0,0.0,0.0,0.0,0.0,0.0,0.0,0.0,0.0,0.0,0.0,0.0,0.0,0.0,0.0,0.0,0.0,0.0,0.0,0.0,0.0,0.0,0.0,0.0,0.0,0.0,0.0,0.0,0.0,0.0,0.0,0.0,0.0,0.0,0.0,0.0,0.0,0.0,0.0,0.0,0.0,0.0,0.0,0.0,0.0,0.0,0.0,0.0,0.0,0.0,0.0,0.0,0.0,0.0,0.0,0.0,0.0,0.0,0.0,0.0,3.0,0.0,0.0,0.0,0.0,0.0,0.0,0.0,0.0,0.0,0.0,0.0,0.0,0.0,0.0,0.0,0.0,0.0,0.0,0.0,0.0,0.0,0.0,0.0,0.0,0.0,0.0,0.0,0.0,0.0,0.0,0.0,0.0,0.0,0.0,0.0,0.0,0.0,0.0,0.0,0.0,0.0,0.0,0.0,0.0,0.0,0.0,0.0,0.00028358779093374387,0.004881728858845109,0.016949245570840273,0.019738122143200424,0.041897716215618004,0.0759743787622258,0.14952421663469212,0.05805978986975434,0.008894888997261033,0.003319567056514803,0.005223596304183619,0.019140301190049305,0.025409917362967844,IV-B,0.14952421663469212,IV-B
W0008-sg,121190.0,3237.0,0.0,44569.0,26426.0,10.0,14.0,919.0,20.0,24.0,16.0,9354.0,0.0,0.0,14.0,13874.0,0.0,4.0,5141.0,190.0,0.0,0.0,0.0,0.0,126.0,2803.0,2398.0,0.0,37.0,1567.0,5.0,0.0,0.0,21.0,0.0,9.0,632.0,0.0,570.0,0.0,877.0,34.0,1816.0,0.0,893.0,0.0,0.0,23.0,0.0,0.0,0.0,0.0,0.0,0.0,0.0,809.0,54.0,13.0,39.0,277.0,550.0,0.0,5.0,321.0,0.0,20.0,0.0,0.0,7.0,0.0,0.0,118.0,54.0,0.0,0.0,87.0,0.0,0.0,64.0,0.0,110.0,0.0,13.0,3.0,0.0,0.0,137.0,0.0,70.0,0.0,0.0,0.0,0.0,49.0,2.0,84.0,97.0,29.0,0.0,124.0,141.0,384.0,13.0,0.0,0.0,96.0,49.0,0.0,57.0,0.0,9.0,0.0,0.0,47.0,25.0,53.0,0.0,0.0,31.0,86.0,0.0,73.0,222.0,0.0,45.0,0.0,0.0,0.0,41.0,31.0,0.0,0.0,8.0,22.0,37.0,34.0,156.0,0.0,0.0,46.0,0.0,40.0,8.0,0.0,0.0,28.0,0.0,0.0,40.0,5.0,0.0,32.0,16.0,0.0,52.0,26.0,0.0,0.0,12.0,0.0,0.0,0.0,24.0,0.0,0.0,17.0,59.0,20.0,11.0,0.0,0.0,0.0,0.0,0.0,23.0,0.0,13.0,34.0,16.0,0.0,15.0,10.0,10.0,10.0,9.0,9.0,9.0,16.0,9.0,3.0,0.0,0.0,8.0,26.0,8.0,8.0,0.0,0.0,7.0,0.0,6.0,6.0,0.0,7.0,5.0,8.0,9.0,0.0,2.0,0.0,4.0,4.0,0.0,0.0,0.0,0.0,3.0,3.0,3.0,3.0,3.0,3.0,0.0,0.0,0.0,2.0,2.0,2.0,2.0,2.0,2.0,2.0,2.0,2.0,2.0,2.0,0.0,0.0,0.0,0.0,0.0,0.0,0.0,0.0,1.0,0.0005993465649555487,0.009998464660527001,0.04960060280239997,0.02808308089197943,0.09143506578794049,0.2520761694864312,0.5762060634224732,0.08056701337988094,0.01782862852483143,0.008700736093680439,0.007362845053091512,0.043027223918913476,0.0616434012607818,IV-B,0.5762060634224732,IV-B
W0012,7216.0,3092.0,415.0,1333.0,0.0,0.0,0.0,972.0,0.0,18.0,0.0,22.0,0.0,70.0,0.0,9.0,0.0,22.0,178.0,0.0,21.0,0.0,0.0,0.0,0.0,0.0,0.0,0.0,0.0,0.0,0.0,0.0,0.0,696.0,0.0,20.0,39.0,0.0,149.0,0.0,0.0,11.0,5.0,0.0,3.0,0.0,0.0,0.0,0.0,0.0,0.0,0.0,0.0,0.0,0.0,0.0,0.0,0.0,0.0,0.0,0.0,0.0,0.0,0.0,0.0,22.0,0.0,0.0,0.0,0.0,0.0,0.0,0.0,0.0,0.0,0.0,0.0,0.0,0.0,0.0,0.0,117.0,0.0,0.0,0.0,0.0,0.0,0.0,0.0,0.0,0.0,0.0,0.0,0.0,0.0,0.0,0.0,0.0,0.0,0.0,0.0,0.0,0.0,0.0,0.0,0.0,0.0,0.0,0.0,0.0,0.0,0.0,0.0,0.0,0.0,0.0,0.0,0.0,0.0,0.0,0.0,0.0,0.0,0.0,0.0,0.0,0.0,0.0,0.0,0.0,0.0,0.0,0.0,0.0,0.0,0.0,0.0,0.0,0.0,0.0,0.0,0.0,0.0,0.0,0.0,0.0,0.0,0.0,0.0,0.0,0.0,0.0,0.0,0.0,0.0,0.0,0.0,0.0,0.0,0.0,0.0,0.0,0.0,0.0,0.0,0.0,0.0,0.0,0.0,0.0,0.0,0.0,0.0,0.0,0.0,0.0,0.0,0.0,0.0,0.0,0.0,0.0,0.0,0.0,0.0,0.0,0.0,0.0,0.0,0.0,0.0,0.0,0.0,0.0,0.0,0.0,0.0,2.0,0.0,0.0,0.0,0.0,0.0,0.0,0.0,0.0,0.0,0.0,0.0,0.0,0.0,0.0,0.0,0.0,0.0,0.0,0.0,0.0,0.0,0.0,0.0,0.0,0.0,0.0,0.0,0.0,0.0,0.0,0.0,0.0,0.0,0.0,0.0,0.0,0.0,0.0,0.0,0.0,0.0,0.0,0.0,0.0,0.0,0.0,0.0,0.01020732151504643,0.050232050254262355,0.0628652262897935,0.5720439125006688,0.7623003108321049,0.17181992270835003,0.3855671665766367,0.1355220659604255,0.021389130158481734,0.014210059794827815,0.002308065556108315,0.14134613800460746,0.27628345315639274,III-B,0.7623003108321049,III
W0013,13193.0,0.0,0.0,0.0,0.0,0.0,124.0,6689.0,0.0,5315.0,0.0,0.0,0.0,0.0,0.0,0.0,0.0,6.0,0.0,0.0,0.0,0.0,0.0,0.0,0.0,0.0,0.0,0.0,0.0,0.0,0.0,0.0,0.0,111.0,0.0,0.0,0.0,0.0,0.0,0.0,0.0,0.0,0.0,0.0,0.0,0.0,0.0,0.0,0.0,0.0,0.0,0.0,0.0,35.0,0.0,0.0,0.0,0.0,0.0,0.0,0.0,0.0,0.0,0.0,246.0,0.0,0.0,383.0,0.0,0.0,0.0,147.0,0.0,134.0,0.0,0.0,0.0,0.0,0.0,0.0,0.0,0.0,0.0,0.0,0.0,0.0,0.0,0.0,0.0,0.0,0.0,0.0,0.0,0.0,0.0,0.0,0.0,0.0,0.0,0.0,0.0,0.0,0.0,0.0,0.0,0.0,0.0,0.0,0.0,0.0,0.0,0.0,0.0,0.0,0.0,0.0,0.0,0.0,0.0,0.0,0.0,0.0,0.0,0.0,0.0,0.0,0.0,0.0,0.0,0.0,0.0,0.0,0.0,0.0,0.0,0.0,0.0,0.0,0.0,0.0,0.0,0.0,0.0,0.0,0.0,0.0,0.0,0.0,0.0,0.0,0.0,0.0,0.0,0.0,0.0,0.0,0.0,0.0,0.0,0.0,0.0,0.0,0.0,0.0,0.0,0.0,0.0,0.0,0.0,0.0,0.0,0.0,0.0,0.0,0.0,0.0,0.0,0.0,0.0,0.0,0.0,0.0,0.0,0.0,0.0,0.0,0.0,0.0,0.0,0.0,0.0,0.0,0.0,0.0,0.0,0.0,0.0,0.0,0.0,0.0,0.0,0.0,0.0,0.0,0.0,0.0,0.0,0.0,0.0,0.0,0.0,0.0,0.0,0.0,3.0,0.0,0.0,0.0,0.0,0.0,0.0,0.0,0.0,0.0,0.0,0.0,0.0,0.0,0.0,0.0,0.0,0.0,0.0,0.0,0.0,0.0,0.0,0.0,0.0,0.0,0.0,0.0,0.0,0.0,0.0,1.6059565876823877e-05,0.00015760120417457633,8.530442564066843e-05,7.753180069573637e-05,0.0002063153030056986,2.4269446317047072e-05,4.6675455188109044e-05,0.0006758668339661696,0.0004852354589130723,0.0014650746543170177,0.0014555108442589415,0.021196840173954092,6.928025874518318e-05,IV-C4,0.021196840173954092,IV-C
W0014,25969.0,3310.0,2528.0,2157.0,1111.0,0.0,0.0,7958.0,0.0,27.0,0.0,140.0,644.0,0.0,0.0,0.0,0.0,1669.0,229.0,73.0,1312.0,50.0,0.0,1543.0,0.0,364.0,77.0,0.0,0.0,0.0,0.0,214.0,209.0,69.0,125.0,16.0,651.0,159.0,0.0,0.0,86.0,0.0,25.0,260.0,0.0,0.0,0.0,0.0,3.0,0.0,656.0,0.0,0.0,0.0,0.0,0.0,0.0,0.0,0.0,0.0,0.0,0.0,0.0,205.0,0.0,0.0,0.0,0.0,0.0,0.0,0.0,0.0,0.0,0.0,0.0,0.0,0.0,0.0,0.0,0.0,0.0,0.0,0.0,0.0,0.0,0.0,0.0,67.0,0.0,0.0,0.0,7.0,0.0,0.0,0.0,0.0,0.0,0.0,0.0,0.0,4.0,0.0,0.0,0.0,0.0,0.0,0.0,0.0,0.0,0.0,0.0,0.0,0.0,0.0,0.0,0.0,0.0,10.0,0.0,0.0,6.0,0.0,0.0,0.0,0.0,0.0,0.0,0.0,0.0,0.0,0.0,0.0,0.0,0.0,0.0,0.0,0.0,0.0,0.0,0.0,0.0,0.0,0.0,0.0,0.0,0.0,0.0,0.0,0.0,0.0,0.0,0.0,0.0,0.0,0.0,0.0,0.0,0.0,0.0,0.0,0.0,0.0,0.0,0.0,0.0,0.0,0.0,0.0,0.0,0.0,0.0,0.0,0.0,0.0,0.0,0.0,0.0,0.0,0.0,0.0,0.0,0.0,0.0,0.0,0.0,0.0,0.0,0.0,0.0,0.0,0.0,0.0,0.0,0.0,0.0,0.0,0.0,0.0,0.0,0.0,0.0,0.0,0.0,0.0,0.0,0.0,0.0,5.0,0.0,0.0,0.0,0.0,0.0,0.0,0.0,0.0,0.0,0.0,0.0,0.0,0.0,0.0,0.0,0.0,0.0,0.0,0.0,0.0,0.0,0.0,0.0,0.0,0.0,0.0,0.0,0.0,0.0,0.0,0.0,0.0,0.0,0.0,0.0,0.0,0.0,0.0006786753155514932,0.014224114971577639,0.026304292265431517,0.13718287170120733,0.19027666315175837,0.10968543918715179,0.21123231681231544,0.07572791528412144,0.009350963604152359,0.005872953813299546,0.0014374538288526725,0.053071688765399846,0.08466509359516079,IV-B,0.21123231681231544,IV-B
W0015,10926.0,7427.0,2661.0,348.0,0.0,0.0,0.0,245.0,0.0,6.0,0.0,0.0,93.0,0.0,0.0,0.0,0.0,6.0,0.0,0.0,0.0,0.0,0.0,0.0,0.0,0.0,0.0,0.0,0.0,0.0,0.0,0.0,0.0,91.0,0.0,0.0,0.0,0.0,0.0,0.0,0.0,0.0,0.0,0.0,0.0,0.0,0.0,0.0,0.0,0.0,0.0,0.0,0.0,0.0,0.0,0.0,0.0,0.0,0.0,0.0,0.0,0.0,0.0,0.0,0.0,49.0,0.0,0.0,0.0,0.0,0.0,0.0,0.0,0.0,0.0,0.0,0.0,0.0,0.0,0.0,0.0,0.0,0.0,0.0,0.0,0.0,0.0,0.0,0.0,0.0,0.0,0.0,0.0,0.0,0.0,0.0,0.0,0.0,0.0,0.0,0.0,0.0,0.0,0.0,0.0,0.0,0.0,0.0,0.0,0.0,0.0,0.0,0.0,0.0,0.0,0.0,0.0,0.0,0.0,0.0,0.0,0.0,0.0,0.0,0.0,0.0,0.0,0.0,0.0,0.0,0.0,0.0,0.0,0.0,0.0,0.0,0.0,0.0,0.0,0.0,0.0,0.0,0.0,0.0,0.0,0.0,0.0,0.0,0.0,0.0,0.0,0.0,0.0,0.0,0.0,0.0,0.0,0.0,0.0,0.0,0.0,0.0,0.0,0.0,0.0,0.0,0.0,0.0,0.0,0.0,0.0,0.0,0.0,0.0,0.0,0.0,0.0,0.0,0.0,0.0,0.0,0.0,0.0,0.0,0.0,0.0,0.0,0.0,0.0,0.0,0.0,0.0,0.0,0.0,0.0,0.0,0.0,0.0,0.0,0.0,0.0,0.0,0.0,0.0,0.0,0.0,0.0,0.0,0.0,0.0,0.0,0.0,0.0,0.0,0.0,0.0,0.0,0.0,0.0,0.0,0.0,0.0,0.0,0.0,0.0,0.0,0.0,0.0,0.0,0.0,0.0,0.0,0.0,0.0,0.0,0.0,0.0,0.0,0.0,0.0,0.0,0.0,0.0,0.0,0.0,0.0022419987037101373,0.04250547505224925,0.04878562729843521,0.8444747520406798,0.8308009474028186,0.07027486342182271,0.1514511978555354,0.09214592179281092,0.018011075854544836,0.01200352410909739,0.0009997710767749941,0.1310948606402311,0.24884007039386158,III-A,0.8444747520406798,III
W0015-sg,115191.0,100137.0,0.0,955.0,6.0,0.0,0.0,3967.0,61.0,17.0,0.0,194.0,193.0,9.0,13.0,0.0,14.0,0.0,7.0,0.0,0.0,0.0,3.0,0.0,22.0,0.0,0.0,0.0,0.0,28.0,6.0,0.0,0.0,70.0,0.0,248.0,17.0,0.0,3807.0,3.0,0.0,0.0,72.0,0.0,0.0,0.0,139.0,0.0,0.0,0.0,0.0,0.0,0.0,0.0,0.0,397.0,112.0,0.0,18.0,102.0,393.0,0.0,4.0,117.0,0.0,274.0,0.0,0.0,0.0,0.0,2.0,99.0,148.0,45.0,0.0,242.0,0.0,0.0,253.0,7.0,208.0,0.0,153.0,117.0,0.0,0.0,155.0,0.0,94.0,0.0,0.0,0.0,0.0,85.0,88.0,0.0,185.0,80.0,0.0,0.0,0.0,25.0,58.0,0.0,4.0,71.0,64.0,0.0,45.0,0.0,46.0,0.0,69.0,53.0,69.0,64.0,0.0,0.0,72.0,244.0,0.0,0.0,170.0,0.0,0.0,0.0,0.0,0.0,0.0,40.0,0.0,38.0,55.0,59.0,0.0,0.0,88.0,0.0,31.0,0.0,0.0,18.0,30.0,52.0,0.0,28.0,28.0,28.0,4.0,58.0,0.0,0.0,10.0,0.0,0.0,8.0,21.0,0.0,20.0,0.0,0.0,0.0,19.0,0.0,0.0,0.0,0.0,5.0,17.0,0.0,0.0,0.0,0.0,14.0,16.0,0.0,2.0,2.0,13.0,0.0,9.0,0.0,0.0,0.0,0.0,0.0,0.0,0.0,0.0,9.0,0.0,0.0,0.0,0.0,0.0,0.0,8.0,0.0,0.0,7.0,3.0,0.0,0.0,0.0,0.0,0.0,0.0,0.0,5.0,5.0,0.0,0.0,4.0,0.0,0.0,0.0,0.0,0.0,0.0,0.0,2.0,0.0,3.0,3.0,3.0,0.0,0.0,0.0,0.0,0.0,0.0,2.0,0.0,0.0,0.0,0.0,2.0,2.0,0.0,0.0,0.0,0.0,0.0,0.0,0.0,0.002609487347341944,0.04453101643317101,0.04867836987039655,0.9938594800411862,0.8508990368724547,0.05825863009820144,0.12553824554091006,0.08139349286575287,0.018071614912630776,0.012027619921377394,0.0009819996561466835,0.1277335945238099,0.24791134262796688,III-A,0.9938594800411862,III
W0037,18464.0,6847.0,6970.0,0.0,0.0,0.0,0.0,2255.0,0.0,1346.0,0.0,0.0,0.0,0.0,0.0,0.0,0.0,62.0,0.0,0.0,0.0,0.0,0.0,0.0,0.0,0.0,0.0,0.0,0.0,0.0,0.0,0.0,0.0,178.0,0.0,0.0,0.0,0.0,0.0,0.0,0.0,0.0,0.0,0.0,0.0,0.0,0.0,0.0,0.0,0.0,0.0,0.0,0.0,466.0,0.0,0.0,0.0,0.0,54.0,0.0,0.0,0.0,0.0,0.0,0.0,0.0,0.0,0.0,0.0,0.0,0.0,0.0,0.0,12.0,0.0,0.0,0.0,0.0,0.0,105.0,0.0,0.0,0.0,0.0,0.0,0.0,0.0,0.0,0.0,0.0,90.0,0.0,0.0,0.0,0.0,0.0,0.0,0.0,0.0,0.0,0.0,0.0,0.0,0.0,0.0,0.0,0.0,0.0,0.0,0.0,0.0,0.0,0.0,0.0,0.0,0.0,0.0,0.0,0.0,0.0,0.0,0.0,0.0,0.0,0.0,0.0,0.0,0.0,0.0,0.0,0.0,0.0,0.0,0.0,0.0,0.0,0.0,0.0,0.0,0.0,0.0,0.0,0.0,0.0,30.0,0.0,0.0,0.0,0.0,0.0,0.0,0.0,0.0,0.0,0.0,0.0,0.0,21.0,0.0,0.0,0.0,0.0,0.0,19.0,0.0,0.0,0.0,0.0,0.0,0.0,0.0,0.0,0.0,0.0,0.0,0.0,0.0,0.0,0.0,0.0,0.0,0.0,0.0,0.0,0.0,0.0,0.0,0.0,0.0,0.0,9.0,0.0,0.0,0.0,0.0,0.0,0.0,0.0,0.0,0.0,0.0,0.0,0.0,0.0,0.0,0.0,0.0,0.0,0.0,0.0,0.0,0.0,0.0,0.0,0.0,0.0,0.0,0.0,0.0,0.0,0.0,0.0,0.0,0.0,0.0,0.0,0.0,0.0,0.0,0.0,0.0,0.0,0.0,0.0,0.0,0.0,0.0,0.0,0.0,0.0,0.0,0.0,0.0,0.0,0.0,0.001427742778601512,0.028780843038390166,0.03210481596937581,0.4261029858140854,0.479463320977206,0.04784973685321104,0.10220756443283055,0.08047911289862779,0.012079121550020423,0.008111264366733146,0.000653960082727397,0.0943995371827724,0.16834748647981249,III-B,0.479463320977206,III
W0038,6110.0,0.0,0.0,1114.0,0.0,0.0,0.0,1681.0,0.0,0.0,0.0,0.0,446.0,0.0,0.0,586.0,0.0,270.0,68.0,142.0,0.0,0.0,0.0,0.0,0.0,557.0,0.0,0.0,0.0,0.0,476.0,0.0,541.0,0.0,0.0,0.0,47.0,79.0,0.0,0.0,51.0,0.0,6.0,0.0,0.0,0.0,0.0,0.0,0.0,0.0,0.0,0.0,0.0,0.0,0.0,0.0,0.0,0.0,0.0,0.0,0.0,0.0,0.0,0.0,0.0,0.0,0.0,0.0,0.0,0.0,0.0,0.0,0.0,0.0,0.0,0.0,0.0,0.0,0.0,0.0,0.0,0.0,0.0,0.0,0.0,0.0,0.0,0.0,0.0,0.0,0.0,0.0,0.0,0.0,0.0,0.0,0.0,0.0,0.0,0.0,0.0,3.0,0.0,0.0,0.0,0.0,0.0,0.0,0.0,0.0,0.0,0.0,0.0,0.0,0.0,0.0,0.0,0.0,0.0,0.0,35.0,0.0,0.0,0.0,0.0,0.0,0.0,0.0,0.0,0.0,0.0,0.0,0.0,0.0,0.0,0.0,0.0,0.0,0.0,0.0,0.0,0.0,0.0,0.0,0.0,0.0,0.0,0.0,0.0,0.0,0.0,0.0,0.0,0.0,0.0,0.0,0.0,0.0,0.0,0.0,0.0,0.0,0.0,0.0,0.0,0.0,0.0,0.0,0.0,0.0,0.0,0.0,0.0,0.0,0.0,0.0,0.0,0.0,0.0,0.0,0.0,0.0,0.0,0.0,0.0,0.0,0.0,0.0,0.0,0.0,0.0,0.0,0.0,0.0,0.0,0.0,0.0,8.0,0.0,0.0,0.0,0.0,0.0,0.0,0.0,0.0,0.0,0.0,0.0,0.0,0.0,0.0,0.0,0.0,0.0,0.0,0.0,0.0,0.0,0.0,0.0,0.0,0.0,0.0,0.0,0.0,0.0,0.0,0.0,0.0,0.0,0.0,0.0,0.0,0.0,0.0,0.0,0.0,0.0,0.0,0.0,0.0,0.0,0.0,0.0,0.00032184188128046723,0.005403758074252539,0.028707821665401853,0.002203367427132693,0.035410323999598675,0.18142285646056555,0.349306151726475,0.09055359691440573,0.009547662264176266,0.005731222230473901,0.005489496895374521,0.02252120606477782,0.028761653262458692,IV-B,0.349306151726475,IV-B
W0039,25738.0,0.0,0.0,2944.0,0.0,1953.0,0.0,13198.0,0.0,1078.0,0.0,0.0,23.0,2123.0,0.0,1834.0,0.0,18.0,651.0,19.0,0.0,0.0,0.0,0.0,0.0,6.0,0.0,0.0,0.0,0.0,164.0,0.0,0.0,731.0,340.0,619.0,0.0,0.0,0.0,0.0,0.0,0.0,0.0,0.0,0.0,0.0,0.0,0.0,0.0,0.0,0.0,0.0,0.0,6.0,0.0,0.0,0.0,0.0,0.0,0.0,0.0,0.0,0.0,0.0,0.0,0.0,29.0,0.0,0.0,0.0,0.0,0.0,0.0,0.0,0.0,0.0,0.0,0.0,0.0,0.0,0.0,0.0,0.0,0.0,0.0,0.0,0.0,0.0,0.0,0.0,0.0,0.0,0.0,0.0,0.0,0.0,0.0,0.0,0.0,0.0,0.0,0.0,0.0,0.0,0.0,0.0,0.0,0.0,0.0,0.0,0.0,0.0,0.0,0.0,0.0,0.0,0.0,0.0,0.0,0.0,0.0,0.0,0.0,0.0,0.0,0.0,0.0,0.0,0.0,0.0,0.0,0.0,0.0,0.0,0.0,0.0,0.0,0.0,0.0,0.0,0.0,0.0,0.0,0.0,0.0,0.0,0.0,0.0,0.0,0.0,0.0,0.0,0.0,0.0,0.0,0.0,0.0,0.0,0.0,0.0,0.0,0.0,0.0,0.0,0.0,0.0,0.0,0.0,0.0,0.0,0.0,0.0,0.0,0.0,0.0,0.0,0.0,0.0,0.0,0.0,0.0,0.0,0.0,0.0,0.0,0.0,0.0,0.0,0.0,0.0,0.0,0.0,0.0,0.0,0.0,0.0,0.0,0.0,0.0,0.0,0.0,0.0,0.0,0.0,0.0,0.0,0.0,0.0,0.0,0.0,0.0,0.0,0.0,0.0,0.0,0.0,0.0,0.0,0.0,0.0,0.0,0.0,0.0,0.0,0.0,0.0,0.0,0.0,0.0,0.0,0.0,0.0,0.0,0.0,0.0,0.0,0.0,0.0,2.0,0.0,0.0,0.0,0.0,0.0,0.0,0.06974554153855077,0.08159479837638124,0.0147954945998461,0.0017454980275185292,0.03359358770296518,0.05153168670898694,0.10157487576771707,0.04307212548397842,0.0782434866246815,0.01177905584180796,0.017266419950224755,0.01938176318674003,0.017414718121324446,IV-B,0.10157487576771707,IV-B
W0045,17856.0,546.0,345.0,512.0,484.0,0.0,0.0,5885.0,0.0,0.0,0.0,43.0,634.0,0.0,0.0,238.0,0.0,1093.0,3.0,395.0,1328.0,726.0,0.0,0.0,0.0,751.0,0.0,1595.0,0.0,0.0,199.0,249.0,20.0,2.0,855.0,0.0,354.0,34.0,0.0,0.0,262.0,0.0,14.0,774.0,0.0,0.0,0.0,0.0,6.0,0.0,25.0,120.0,0.0,0.0,0.0,0.0,0.0,0.0,0.0,0.0,0.0,45.0,0.0,257.0,0.0,0.0,0.0,0.0,0.0,0.0,0.0,0.0,0.0,0.0,0.0,0.0,0.0,0.0,0.0,0.0,0.0,0.0,0.0,2.0,0.0,0.0,0.0,2.0,0.0,0.0,0.0,0.0,0.0,0.0,0.0,0.0,0.0,0.0,0.0,11.0,0.0,3.0,0.0,0.0,0.0,0.0,0.0,0.0,0.0,0.0,0.0,0.0,0.0,0.0,0.0,0.0,0.0,0.0,0.0,0.0,0.0,0.0,0.0,0.0,0.0,0.0,0.0,0.0,0.0,0.0,0.0,0.0,0.0,0.0,0.0,0.0,0.0,0.0,0.0,0.0,0.0,0.0,0.0,0.0,0.0,0.0,0.0,0.0,0.0,0.0,26.0,0.0,0.0,0.0,0.0,0.0,0.0,0.0,0.0,0.0,0.0,0.0,0.0,0.0,0.0,0.0,0.0,0.0,0.0,7.0,0.0,0.0,0.0,0.0,0.0,0.0,0.0,0.0,0.0,0.0,0.0,0.0,0.0,0.0,0.0,0.0,0.0,0.0,0.0,0.0,0.0,0.0,0.0,0.0,0.0,0.0,0.0,3.0,0.0,0.0,0.0,0.0,6.0,0.0,0.0,0.0,0.0,0.0,0.0,0.0,0.0,0.0,0.0,0.0,0.0,0.0,0.0,0.0,0.0,0.0,0.0,0.0,0.0,0.0,0.0,0.0,0.0,0.0,0.0,0.0,0.0,0.0,0.0,0.0,0.0,0.0,0.0,0.0,0.0,2.0,0.0,0.0,0.0,0.0,0.0,0.00024136066788502474,0.004628119512478097,0.009871951167139988,0.030139301010736783,0.043868770381116015,0.05590452377707524,0.09829500698936122,0.053221575846324296,0.004509039917891125,0.002372697778904183,0.001972442661272448,0.016086250380265225,0.022243663089391033,IV-B,0.09829500698936122,IV-B
W0046-1,24384.0,5396.0,5259.0,0.0,0.0,12.0,0.0,6905.0,0.0,85.0,0.0,0.0,0.0,4810.0,21.0,269.0,0.0,25.0,0.0,55.0,0.0,0.0,0.0,0.0,0.0,2.0,10.0,0.0,0.0,64.0,0.0,0.0,0.0,243.0,0.0,681.0,6.0,0.0,10.0,0.0,66.0,0.0,0.0,0.0,351.0,0.0,0.0,0.0,0.0,0.0,4.0,0.0,0.0,0.0,0.0,0.0,0.0,0.0,0.0,0.0,0.0,0.0,35.0,0.0,0.0,0.0,0.0,24.0,0.0,0.0,0.0,0.0,0.0,0.0,0.0,0.0,0.0,25.0,0.0,0.0,0.0,0.0,0.0,0.0,0.0,0.0,0.0,0.0,0.0,0.0,0.0,0.0,0.0,0.0,0.0,0.0,0.0,0.0,0.0,0.0,0.0,0.0,0.0,0.0,0.0,0.0,0.0,0.0,0.0,0.0,0.0,0.0,0.0,0.0,0.0,0.0,0.0,5.0,0.0,0.0,0.0,0.0,0.0,0.0,0.0,0.0,0.0,0.0,0.0,0.0,0.0,0.0,0.0,0.0,0.0,0.0,0.0,0.0,0.0,0.0,0.0,0.0,0.0,0.0,0.0,0.0,0.0,0.0,0.0,0.0,0.0,0.0,0.0,0.0,0.0,0.0,0.0,0.0,0.0,6.0,0.0,0.0,0.0,0.0,0.0,0.0,0.0,0.0,0.0,0.0,15.0,0.0,0.0,0.0,0.0,0.0,0.0,0.0,0.0,0.0,0.0,0.0,0.0,0.0,0.0,0.0,0.0,0.0,0.0,0.0,0.0,0.0,0.0,0.0,0.0,0.0,0.0,0.0,0.0,0.0,0.0,0.0,0.0,0.0,0.0,0.0,0.0,0.0,0.0,0.0,0.0,0.0,0.0,0.0,0.0,0.0,0.0,0.0,0.0,0.0,0.0,0.0,0.0,0.0,0.0,0.0,0.0,0.0,0.0,0.0,0.0,0.0,0.0,0.0,0.0,0.0,0.0,0.0,0.0,0.0,0.0,0.0,0.0,0.0,0.0,0.2013949345607925,0.2675393221197495,0.023973101184919913,0.24000530558267147,0.35255948538745424,0.03591445638342989,0.0809847292900868,0.10681368119890995,0.011870011282671466,0.016814277140508038,0.0023315904819167566,0.0698586373372466,0.12516868483308952,III-B,0.35255948538745424,III
W0046-2,16712.0,0.0,0.0,2210.0,0.0,0.0,0.0,5572.0,0.0,0.0,0.0,0.0,287.0,0.0,0.0,0.0,0.0,496.0,51.0,504.0,0.0,9.0,0.0,1963.0,0.0,880.0,0.0,0.0,0.0,533.0,0.0,480.0,917.0,67.0,0.0,0.0,406.0,122.0,0.0,0.0,198.0,0.0,0.0,169.0,0.0,0.0,0.0,0.0,863.0,0.0,0.0,0.0,0.0,0.0,0.0,0.0,0.0,0.0,0.0,0.0,0.0,135.0,0.0,630.0,0.0,0.0,141.0,0.0,0.0,0.0,0.0,0.0,0.0,0.0,0.0,0.0,0.0,0.0,0.0,0.0,0.0,0.0,0.0,0.0,0.0,0.0,0.0,0.0,0.0,0.0,0.0,0.0,0.0,0.0,0.0,0.0,0.0,0.0,0.0,18.0,0.0,43.0,0.0,0.0,0.0,0.0,0.0,0.0,0.0,0.0,0.0,0.0,0.0,0.0,0.0,0.0,0.0,0.0,0.0,0.0,18.0,0.0,0.0,0.0,0.0,0.0,0.0,0.0,0.0,0.0,0.0,0.0,0.0,0.0,0.0,0.0,0.0,0.0,0.0,0.0,0.0,0.0,0.0,0.0,0.0,0.0,0.0,0.0,0.0,0.0,0.0,0.0,0.0,0.0,0.0,0.0,0.0,0.0,0.0,0.0,0.0,0.0,0.0,0.0,0.0,0.0,0.0,0.0,0.0,0.0,0.0,0.0,0.0,0.0,0.0,0.0,0.0,0.0,0.0,0.0,0.0,0.0,0.0,0.0,0.0,0.0,0.0,0.0,0.0,0.0,0.0,0.0,0.0,0.0,0.0,0.0,0.0,0.0,0.0,0.0,0.0,0.0,0.0,0.0,0.0,0.0,0.0,0.0,0.0,0.0,0.0,0.0,0.0,0.0,0.0,0.0,0.0,0.0,0.0,0.0,0.0,0.0,0.0,0.0,0.0,0.0,0.0,0.0,0.0,0.0,0.0,0.0,0.0,0.0,0.0,0.0,0.0,0.0,0.0,0.0,0.0,0.0,0.0,0.0,0.0,0.0002159141463112238,0.003596756026154878,0.020003946540875405,0.0015557749306303198,0.024283414561917956,0.12411198757268968,0.21156060940639215,0.05532375956921517,0.006879932513180813,0.012820753121953929,0.0020380897204493624,0.014687062091640751,0.01952517035137974,IV-B,0.21156060940639215,IV-B
W0048,9393.0,0.0,0.0,4631.0,0.0,0.0,0.0,4443.0,0.0,87.0,0.0,0.0,0.0,0.0,0.0,0.0,0.0,7.0,0.0,0.0,0.0,0.0,0.0,0.0,0.0,6.0,0.0,0.0,0.0,0.0,0.0,0.0,0.0,202.0,0.0,0.0,0.0,0.0,0.0,0.0,0.0,4.0,0.0,0.0,0.0,0.0,0.0,0.0,0.0,0.0,0.0,0.0,0.0,0.0,0.0,0.0,0.0,0.0,0.0,0.0,0.0,0.0,0.0,0.0,0.0,0.0,0.0,0.0,0.0,0.0,0.0,0.0,0.0,0.0,0.0,0.0,0.0,6.0,0.0,0.0,0.0,0.0,0.0,0.0,5.0,0.0,0.0,0.0,0.0,0.0,0.0,0.0,0.0,0.0,0.0,0.0,0.0,0.0,0.0,0.0,0.0,0.0,0.0,0.0,0.0,0.0,0.0,0.0,0.0,0.0,0.0,0.0,0.0,0.0,0.0,0.0,0.0,0.0,0.0,0.0,2.0,0.0,0.0,0.0,0.0,0.0,0.0,0.0,0.0,0.0,0.0,0.0,0.0,0.0,0.0,0.0,0.0,0.0,0.0,0.0,0.0,0.0,0.0,0.0,0.0,0.0,0.0,0.0,0.0,0.0,0.0,0.0,0.0,0.0,0.0,0.0,0.0,0.0,0.0,0.0,0.0,0.0,0.0,0.0,0.0,0.0,0.0,0.0,0.0,0.0,0.0,0.0,0.0,0.0,0.0,0.0,0.0,0.0,0.0,0.0,0.0,0.0,0.0,0.0,0.0,0.0,0.0,0.0,0.0,0.0,0.0,0.0,0.0,0.0,0.0,0.0,0.0,0.0,0.0,0.0,0.0,0.0,0.0,0.0,0.0,0.0,0.0,0.0,0.0,0.0,0.0,0.0,0.0,0.0,0.0,0.0,0.0,0.0,0.0,0.0,0.0,0.0,0.0,0.0,0.0,0.0,0.0,0.0,0.0,0.0,0.0,0.0,0.0,0.0,0.0,0.0,0.0,0.0,0.0,0.0,0.0,0.0,0.0,0.0,0.0,0.0004099289532389764,0.006360686655895259,0.04302559620817471,0.0038760229349365763,0.053915953687667155,0.17537086665750465,0.3675668035823935,0.02441874248394337,0.011682060247168651,0.0069621119313987,0.0011738924783952604,0.02703970205397349,0.04228481693195652,IV-B,0.3675668035823935,IV-B
W0052,24342.0,1703.0,922.0,1430.0,912.0,0.0,0.0,7577.0,0.0,8.0,0.0,0.0,1118.0,0.0,0.0,2634.0,0.0,1537.0,143.0,1167.0,1450.0,419.0,0.0,0.0,0.0,856.0,203.0,0.0,0.0,451.0,0.0,521.0,0.0,360.0,0.0,74.0,219.0,260.0,8.0,0.0,279.0,0.0,0.0,0.0,50.0,0.0,0.0,0.0,0.0,0.0,0.0,0.0,0.0,0.0,0.0,0.0,0.0,0.0,0.0,0.0,0.0,0.0,0.0,0.0,0.0,0.0,0.0,0.0,0.0,0.0,0.0,0.0,0.0,0.0,0.0,0.0,0.0,11.0,0.0,0.0,0.0,0.0,0.0,0.0,0.0,0.0,0.0,3.0,0.0,0.0,0.0,0.0,0.0,0.0,0.0,0.0,0.0,0.0,0.0,0.0,3.0,8.0,0.0,0.0,0.0,0.0,0.0,0.0,0.0,0.0,0.0,0.0,0.0,0.0,0.0,0.0,0.0,0.0,0.0,0.0,0.0,0.0,0.0,0.0,0.0,0.0,0.0,0.0,0.0,0.0,0.0,0.0,0.0,0.0,0.0,0.0,0.0,0.0,0.0,9.0,0.0,0.0,0.0,0.0,0.0,0.0,0.0,0.0,0.0,0.0,0.0,0.0,0.0,0.0,0.0,0.0,0.0,0.0,0.0,0.0,0.0,0.0,0.0,0.0,0.0,0.0,0.0,0.0,0.0,0.0,0.0,0.0,0.0,0.0,0.0,0.0,0.0,0.0,0.0,0.0,0.0,0.0,0.0,0.0,0.0,0.0,0.0,0.0,0.0,0.0,0.0,0.0,0.0,0.0,0.0,0.0,0.0,3.0,0.0,0.0,0.0,0.0,0.0,0.0,0.0,0.0,0.0,0.0,0.0,0.0,0.0,0.0,0.0,4.0,0.0,0.0,0.0,0.0,0.0,0.0,0.0,0.0,0.0,0.0,0.0,0.0,0.0,0.0,0.0,0.0,0.0,0.0,0.0,0.0,0.0,0.0,0.0,0.0,0.0,0.0,0.0,0.0,0.0,0.0,0.0,0.0005247201849667615,0.009898580164179285,0.019748718670813237,0.07187702486238545,0.10355264330915011,0.08399258332161177,0.16798732669702324,0.11749738547653749,0.008870931960226158,0.0047748255072405125,0.006640084918198134,0.03517916413264099,0.05047516449887831,IV-B,0.16798732669702324,IV-B
W0053,28153.0,7071.0,4764.0,1505.0,0.0,0.0,0.0,7701.0,0.0,65.0,0.0,0.0,617.0,0.0,0.0,54.0,0.0,598.0,40.0,1829.0,372.0,80.0,0.0,0.0,0.0,1936.0,0.0,0.0,0.0,0.0,0.0,12.0,160.0,349.0,0.0,18.0,0.0,51.0,0.0,0.0,187.0,0.0,0.0,160.0,56.0,0.0,0.0,0.0,0.0,0.0,0.0,0.0,0.0,0.0,0.0,0.0,0.0,0.0,0.0,0.0,0.0,0.0,330.0,0.0,0.0,0.0,0.0,0.0,0.0,0.0,0.0,0.0,0.0,0.0,0.0,0.0,0.0,13.0,0.0,0.0,0.0,0.0,0.0,0.0,0.0,0.0,0.0,6.0,0.0,0.0,0.0,0.0,0.0,0.0,0.0,0.0,0.0,0.0,0.0,0.0,0.0,0.0,0.0,0.0,0.0,0.0,0.0,0.0,0.0,0.0,0.0,0.0,0.0,0.0,0.0,0.0,0.0,18.0,0.0,0.0,0.0,0.0,0.0,52.0,0.0,0.0,0.0,0.0,0.0,0.0,40.0,0.0,0.0,0.0,0.0,0.0,0.0,0.0,0.0,0.0,0.0,0.0,0.0,0.0,0.0,0.0,0.0,0.0,0.0,0.0,0.0,0.0,0.0,23.0,0.0,0.0,0.0,0.0,0.0,14.0,0.0,0.0,0.0,0.0,0.0,0.0,0.0,0.0,0.0,0.0,0.0,28.0,0.0,0.0,0.0,0.0,0.0,0.0,0.0,2.0,0.0,0.0,0.0,0.0,0.0,0.0,0.0,0.0,0.0,0.0,0.0,0.0,0.0,0.0,0.0,0.0,0.0,0.0,0.0,0.0,0.0,0.0,0.0,0.0,0.0,0.0,0.0,0.0,0.0,0.0,0.0,0.0,0.0,0.0,0.0,0.0,0.0,0.0,0.0,0.0,0.0,0.0,0.0,0.0,0.0,0.0,0.0,0.0,0.0,0.0,0.0,0.0,0.0,0.0,0.0,0.0,0.0,0.0,0.0,0.0,2.0,0.0,0.0,0.0,0.0,0.001239271089476768,0.025223554171665816,0.03680733006786647,0.29449626561756587,0.381430781569352,0.09157744098176895,0.19121337422564924,0.1433865953077907,0.01433966314700574,0.00823705386023545,0.002799026032550559,0.08802037413252196,0.14818619690651585,III-B,0.381430781569352,III
W0057,25003.0,6381.0,4696.0,0.0,0.0,0.0,0.0,6046.0,0.0,213.0,0.0,0.0,0.0,0.0,7057.0,0.0,0.0,66.0,0.0,0.0,0.0,0.0,0.0,0.0,2.0,0.0,4.0,0.0,0.0,0.0,0.0,0.0,0.0,388.0,0.0,104.0,0.0,0.0,0.0,0.0,0.0,0.0,0.0,0.0,4.0,0.0,0.0,0.0,0.0,0.0,0.0,0.0,0.0,0.0,2.0,0.0,0.0,0.0,0.0,0.0,0.0,0.0,0.0,0.0,0.0,0.0,0.0,9.0,0.0,0.0,0.0,0.0,0.0,0.0,0.0,0.0,0.0,27.0,0.0,2.0,0.0,0.0,0.0,0.0,0.0,0.0,0.0,0.0,0.0,0.0,0.0,0.0,0.0,0.0,0.0,0.0,0.0,0.0,0.0,0.0,0.0,0.0,0.0,0.0,0.0,0.0,0.0,0.0,0.0,0.0,0.0,0.0,0.0,0.0,0.0,0.0,0.0,0.0,0.0,0.0,0.0,0.0,0.0,0.0,0.0,0.0,0.0,0.0,0.0,0.0,0.0,0.0,0.0,0.0,0.0,0.0,0.0,0.0,0.0,0.0,0.0,0.0,0.0,0.0,0.0,0.0,0.0,0.0,0.0,0.0,0.0,0.0,0.0,0.0,0.0,0.0,0.0,0.0,0.0,0.0,0.0,0.0,0.0,0.0,0.0,0.0,0.0,0.0,0.0,0.0,0.0,0.0,0.0,0.0,0.0,0.0,0.0,0.0,0.0,0.0,0.0,0.0,0.0,0.0,0.0,0.0,0.0,0.0,0.0,0.0,0.0,0.0,0.0,0.0,0.0,0.0,0.0,0.0,0.0,0.0,0.0,0.0,0.0,0.0,0.0,0.0,0.0,0.0,0.0,0.0,0.0,0.0,0.0,0.0,0.0,0.0,0.0,0.0,0.0,0.0,0.0,0.0,0.0,0.0,0.0,0.0,0.0,0.0,0.0,0.0,0.0,0.0,0.0,0.0,0.0,0.0,0.0,0.0,0.0,0.0,0.0,2.0,0.0,0.0,0.0,0.0010953547403455624,0.022954550868313172,0.02509645577439437,0.2784085685695297,0.3256259689370002,0.03788431101062733,0.080141007434408,0.11171788572757088,0.01695674451695564,0.008241553090870626,0.0017219757943904327,0.08346570907100061,0.12352757529695126,III-B,0.3256259689370002,III
W0062,20176.0,436.0,254.0,1420.0,2557.0,0.0,0.0,5087.0,0.0,3.0,0.0,122.0,366.0,0.0,0.0,0.0,0.0,2892.0,8.0,85.0,351.0,555.0,0.0,1519.0,0.0,603.0,0.0,363.0,0.0,115.0,25.0,351.0,420.0,26.0,0.0,0.0,272.0,173.0,0.0,0.0,247.0,0.0,0.0,398.0,0.0,0.0,0.0,0.0,133.0,0.0,23.0,484.0,0.0,0.0,0.0,0.0,0.0,0.0,0.0,547.0,0.0,80.0,0.0,0.0,0.0,0.0,0.0,0.0,0.0,0.0,0.0,0.0,0.0,0.0,0.0,0.0,0.0,0.0,0.0,0.0,0.0,0.0,0.0,0.0,160.0,0.0,0.0,0.0,0.0,0.0,0.0,17.0,0.0,0.0,0.0,0.0,0.0,0.0,0.0,13.0,0.0,0.0,0.0,0.0,0.0,0.0,0.0,0.0,0.0,0.0,0.0,0.0,0.0,0.0,0.0,0.0,0.0,13.0,0.0,0.0,0.0,0.0,0.0,0.0,0.0,0.0,0.0,45.0,0.0,0.0,0.0,0.0,0.0,0.0,0.0,0.0,0.0,0.0,0.0,0.0,0.0,0.0,0.0,0.0,0.0,0.0,0.0,0.0,0.0,0.0,0.0,0.0,0.0,0.0,0.0,0.0,0.0,0.0,0.0,0.0,0.0,0.0,0.0,0.0,0.0,0.0,0.0,0.0,0.0,0.0,0.0,0.0,0.0,0.0,0.0,0.0,0.0,0.0,0.0,13.0,0.0,0.0,0.0,0.0,0.0,0.0,0.0,0.0,0.0,0.0,0.0,0.0,0.0,0.0,0.0,0.0,0.0,0.0,0.0,0.0,0.0,0.0,0.0,0.0,0.0,0.0,0.0,0.0,0.0,0.0,0.0,0.0,0.0,0.0,0.0,0.0,0.0,0.0,0.0,0.0,0.0,0.0,0.0,0.0,0.0,0.0,0.0,0.0,0.0,0.0,0.0,0.0,0.0,0.0,0.0,0.0,0.0,0.0,0.0,0.0,0.0,0.0,0.0,0.0,0.0,0.00021187600654206667,0.004133242048858891,0.013688444628108292,0.02215027569067597,0.041046738976416544,0.0861648118973598,0.14648371905076216,0.04217846006694283,0.004761698034083382,0.002714905053823923,0.0009884695149375174,0.016483933817075393,0.02337587327470388,IV-B,0.14648371905076216,IV-B
W0068,37243.0,7670.0,7159.0,10903.0,0.0,0.0,0.0,11020.0,0.0,294.0,0.0,0.0,13.0,0.0,0.0,0.0,0.0,22.0,0.0,0.0,0.0,0.0,0.0,0.0,0.0,0.0,0.0,0.0,0.0,0.0,0.0,0.0,0.0,145.0,0.0,0.0,0.0,0.0,0.0,0.0,0.0,0.0,0.0,0.0,0.0,0.0,0.0,0.0,0.0,0.0,0.0,0.0,0.0,0.0,0.0,0.0,0.0,0.0,0.0,0.0,0.0,0.0,0.0,0.0,0.0,0.0,0.0,0.0,0.0,0.0,0.0,0.0,0.0,0.0,0.0,0.0,0.0,17.0,0.0,0.0,0.0,0.0,0.0,0.0,0.0,0.0,0.0,0.0,0.0,0.0,0.0,0.0,0.0,0.0,0.0,0.0,0.0,0.0,0.0,0.0,0.0,0.0,0.0,0.0,0.0,0.0,0.0,0.0,0.0,0.0,0.0,0.0,0.0,0.0,0.0,0.0,0.0,0.0,0.0,0.0,0.0,0.0,0.0,0.0,0.0,0.0,0.0,0.0,0.0,0.0,0.0,0.0,0.0,0.0,0.0,0.0,0.0,0.0,0.0,0.0,0.0,0.0,0.0,0.0,0.0,0.0,0.0,0.0,0.0,0.0,0.0,0.0,0.0,0.0,0.0,0.0,0.0,0.0,0.0,0.0,0.0,0.0,0.0,0.0,0.0,0.0,0.0,0.0,0.0,0.0,0.0,0.0,0.0,0.0,0.0,0.0,0.0,0.0,0.0,0.0,0.0,0.0,0.0,0.0,0.0,0.0,0.0,0.0,0.0,0.0,0.0,0.0,0.0,0.0,0.0,0.0,0.0,0.0,0.0,0.0,0.0,0.0,0.0,0.0,0.0,0.0,0.0,0.0,0.0,0.0,0.0,0.0,0.0,0.0,0.0,0.0,0.0,0.0,0.0,0.0,0.0,0.0,0.0,0.0,0.0,0.0,0.0,0.0,0.0,0.0,0.0,0.0,0.0,0.0,0.0,0.0,0.0,0.0,0.0,0.0,0.0,0.0,0.0,0.0,0.0,0.001113543968675879,0.021767587361404828,0.05319215071940047,0.21376868950919914,0.3051762873002115,0.1963999567649983,0.4326876974357641,0.07822070069621906,0.01623152060130548,0.010235702894113038,0.0012987290307409536,0.08020777065717784,0.1353246760416327,IV-B,0.4326876974357641,IV-B
W0078,19649.0,12120.0,5452.0,0.0,0.0,0.0,0.0,989.0,0.0,322.0,0.0,0.0,0.0,0.0,0.0,0.0,0.0,56.0,0.0,9.0,0.0,0.0,0.0,0.0,4.0,0.0,0.0,0.0,0.0,0.0,0.0,0.0,0.0,554.0,0.0,0.0,0.0,0.0,0.0,0.0,12.0,0.0,0.0,0.0,31.0,0.0,0.0,0.0,0.0,0.0,0.0,0.0,0.0,0.0,0.0,0.0,0.0,0.0,0.0,0.0,0.0,0.0,29.0,0.0,0.0,0.0,0.0,6.0,0.0,0.0,0.0,0.0,0.0,0.0,0.0,0.0,0.0,36.0,0.0,0.0,0.0,0.0,0.0,0.0,0.0,0.0,0.0,0.0,0.0,0.0,0.0,0.0,0.0,0.0,0.0,0.0,5.0,0.0,0.0,0.0,0.0,0.0,0.0,0.0,0.0,0.0,0.0,0.0,0.0,0.0,0.0,0.0,0.0,0.0,0.0,0.0,0.0,17.0,0.0,0.0,0.0,0.0,0.0,0.0,0.0,0.0,0.0,0.0,0.0,0.0,0.0,0.0,0.0,0.0,0.0,0.0,0.0,0.0,0.0,0.0,0.0,0.0,0.0,0.0,0.0,0.0,0.0,0.0,0.0,0.0,0.0,0.0,0.0,0.0,0.0,0.0,0.0,0.0,0.0,0.0,0.0,0.0,0.0,0.0,0.0,0.0,0.0,0.0,0.0,0.0,0.0,3.0,0.0,0.0,0.0,0.0,0.0,0.0,0.0,0.0,0.0,0.0,0.0,0.0,0.0,0.0,0.0,0.0,0.0,0.0,0.0,0.0,0.0,0.0,0.0,0.0,0.0,0.0,0.0,0.0,0.0,0.0,0.0,0.0,0.0,0.0,0.0,0.0,0.0,0.0,0.0,0.0,0.0,0.0,4.0,0.0,0.0,0.0,0.0,0.0,0.0,0.0,0.0,0.0,0.0,0.0,0.0,0.0,0.0,0.0,0.0,0.0,0.0,0.0,0.0,0.0,0.0,0.0,0.0,0.0,0.0,0.0,0.0,0.0,0.0,0.0021037379169309965,0.04055168261363125,0.04453953464514137,0.7706394065098788,0.7808881952358948,0.05945248716297269,0.12869927575047108,0.09271007560135877,0.016752221383083514,0.011183371663786489,0.000943345943519687,0.12687854044003793,0.23797448683800246,III-B,0.7808881952358948,III
W0082,26815.0,1400.0,894.0,2263.0,1519.0,0.0,0.0,8649.0,0.0,10.0,0.0,469.0,1291.0,0.0,0.0,4190.0,0.0,1626.0,91.0,542.0,0.0,1609.0,0.0,0.0,0.0,27.0,0.0,0.0,0.0,6.0,0.0,0.0,815.0,249.0,0.0,59.0,183.0,353.0,0.0,0.0,185.0,0.0,0.0,0.0,0.0,0.0,0.0,0.0,0.0,0.0,218.0,0.0,0.0,0.0,0.0,0.0,0.0,0.0,0.0,0.0,0.0,0.0,0.0,0.0,0.0,0.0,0.0,0.0,0.0,0.0,0.0,0.0,0.0,0.0,0.0,0.0,0.0,6.0,0.0,0.0,0.0,0.0,0.0,0.0,0.0,0.0,0.0,27.0,0.0,0.0,0.0,64.0,0.0,0.0,0.0,0.0,0.0,0.0,0.0,0.0,0.0,0.0,0.0,0.0,0.0,0.0,0.0,0.0,0.0,0.0,0.0,0.0,0.0,0.0,0.0,0.0,0.0,0.0,0.0,0.0,23.0,0.0,0.0,0.0,0.0,0.0,0.0,0.0,0.0,0.0,0.0,0.0,0.0,0.0,0.0,0.0,0.0,0.0,0.0,31.0,0.0,0.0,0.0,0.0,0.0,0.0,0.0,14.0,0.0,0.0,0.0,0.0,0.0,0.0,0.0,0.0,0.0,0.0,0.0,0.0,0.0,0.0,0.0,0.0,0.0,0.0,0.0,0.0,0.0,0.0,0.0,0.0,0.0,0.0,0.0,0.0,0.0,0.0,0.0,0.0,0.0,0.0,0.0,0.0,0.0,0.0,0.0,0.0,0.0,0.0,0.0,0.0,0.0,0.0,0.0,0.0,0.0,0.0,0.0,0.0,0.0,0.0,0.0,0.0,0.0,0.0,0.0,0.0,0.0,0.0,0.0,0.0,0.0,0.0,0.0,0.0,0.0,0.0,0.0,0.0,0.0,0.0,0.0,0.0,0.0,0.0,0.0,0.0,0.0,0.0,0.0,0.0,0.0,0.0,0.0,0.0,0.0,0.0,0.0,0.0,0.0,0.0,2.0,0.0,0.0,0.0004361836795861293,0.008062098190435886,0.01900535952665669,0.0520415248588492,0.08047605191601442,0.09204370512335386,0.17671128332910435,0.08613949221271165,0.008189305888022675,0.004757825020681183,0.00786431637884044,0.030316539397470622,0.0417676362543061,IV-B,0.17671128332910435,IV-B
W0096,31583.0,0.0,0.0,202.0,0.0,12336.0,0.0,15840.0,0.0,1321.0,0.0,0.0,16.0,0.0,0.0,72.0,0.0,47.0,7.0,77.0,0.0,0.0,0.0,0.0,0.0,0.0,0.0,0.0,0.0,0.0,0.0,20.0,0.0,359.0,0.0,15.0,10.0,0.0,0.0,0.0,14.0,1067.0,0.0,0.0,0.0,0.0,0.0,0.0,0.0,0.0,0.0,0.0,0.0,40.0,0.0,0.0,0.0,0.0,22.0,0.0,0.0,0.0,0.0,0.0,0.0,0.0,0.0,0.0,0.0,0.0,0.0,0.0,0.0,0.0,0.0,0.0,0.0,12.0,0.0,24.0,0.0,0.0,0.0,0.0,0.0,0.0,22.0,0.0,0.0,0.0,0.0,0.0,0.0,0.0,0.0,0.0,0.0,0.0,0.0,0.0,0.0,0.0,0.0,0.0,0.0,0.0,0.0,0.0,0.0,0.0,0.0,0.0,0.0,0.0,0.0,0.0,51.0,0.0,0.0,0.0,0.0,0.0,0.0,0.0,0.0,0.0,0.0,0.0,0.0,0.0,0.0,0.0,0.0,0.0,0.0,0.0,0.0,0.0,0.0,0.0,0.0,0.0,0.0,0.0,0.0,0.0,0.0,0.0,0.0,0.0,0.0,0.0,0.0,0.0,0.0,0.0,0.0,0.0,0.0,0.0,0.0,0.0,0.0,0.0,0.0,0.0,0.0,0.0,0.0,0.0,0.0,0.0,0.0,0.0,0.0,0.0,0.0,0.0,0.0,0.0,0.0,0.0,0.0,0.0,0.0,0.0,0.0,0.0,0.0,0.0,0.0,9.0,0.0,0.0,0.0,0.0,0.0,0.0,0.0,0.0,0.0,0.0,0.0,0.0,0.0,0.0,0.0,0.0,0.0,0.0,0.0,0.0,0.0,0.0,0.0,0.0,0.0,0.0,0.0,0.0,0.0,0.0,0.0,0.0,0.0,0.0,0.0,0.0,0.0,0.0,0.0,0.0,0.0,0.0,0.0,0.0,0.0,0.0,0.0,0.0,0.0,0.0,0.0,0.0,0.0,0.00021579398565484806,0.004539612957953238,0.008241247934414705,0.0019512458860654013,0.011040493420194211,0.003837833000030698,0.010362329159235179,0.0556323126621056,0.4373570802809122,0.019819333696052027,0.06522618742513205,0.03939530524383594,0.002335964453882341,IV-C1,0.4373570802809122,IV-C
W0096-sg,88763.0,0.0,0.0,66.0,0.0,19697.0,17278.0,200.0,12949.0,1359.0,10514.0,0.0,0.0,0.0,0.0,21.0,7935.0,0.0,0.0,0.0,0.0,0.0,2915.0,0.0,4804.0,0.0,0.0,0.0,1918.0,0.0,0.0,0.0,0.0,0.0,0.0,0.0,0.0,0.0,56.0,1145.0,0.0,759.0,0.0,0.0,0.0,959.0,0.0,934.0,0.0,659.0,0.0,0.0,587.0,0.0,638.0,0.0,427.0,349.0,337.0,0.0,0.0,0.0,0.0,0.0,0.0,0.0,0.0,0.0,307.0,219.0,191.0,0.0,0.0,0.0,133.0,0.0,131.0,0.0,0.0,0.0,0.0,0.0,0.0,0.0,0.0,132.0,0.0,0.0,0.0,91.0,0.0,0.0,114.0,0.0,0.0,0.0,0.0,0.0,80.0,0.0,0.0,0.0,65.0,63.0,63.0,0.0,0.0,118.0,0.0,57.0,0.0,109.0,0.0,0.0,0.0,0.0,73.0,0.0,0.0,0.0,0.0,0.0,47.0,0.0,0.0,44.0,69.0,0.0,0.0,0.0,0.0,0.0,0.0,20.0,0.0,0.0,0.0,32.0,0.0,0.0,31.0,0.0,0.0,0.0,0.0,0.0,0.0,0.0,0.0,0.0,0.0,0.0,0.0,0.0,0.0,0.0,0.0,0.0,0.0,0.0,20.0,0.0,0.0,0.0,19.0,0.0,0.0,0.0,0.0,0.0,0.0,0.0,15.0,0.0,0.0,14.0,0.0,0.0,0.0,0.0,0.0,0.0,0.0,0.0,0.0,0.0,0.0,0.0,0.0,0.0,0.0,0.0,0.0,0.0,0.0,0.0,0.0,0.0,0.0,0.0,0.0,0.0,0.0,0.0,0.0,0.0,0.0,0.0,0.0,0.0,0.0,0.0,0.0,0.0,0.0,0.0,0.0,0.0,0.0,0.0,0.0,0.0,0.0,0.0,0.0,0.0,0.0,0.0,0.0,0.0,0.0,0.0,0.0,0.0,0.0,0.0,0.0,0.0,0.0,0.0,0.0,0.0,0.0,0.0,0.0,0.0001551547550247279,0.0035714499748053935,0.006411190810069187,0.0014015592317494884,0.008935476179637558,0.002226668490829956,0.0077257597916976645,0.08031419757748462,0.33417998502692065,0.0162999488993106,0.053664072103543604,0.03667872504006524,0.0016201388856475047,IV-C1,0.33417998502692065,IV-C
W0097,19094.0,0.0,0.0,10634.0,0.0,0.0,0.0,6905.0,0.0,552.0,0.0,0.0,0.0,0.0,0.0,11.0,0.0,77.0,0.0,4.0,0.0,0.0,0.0,0.0,0.0,0.0,0.0,0.0,0.0,0.0,0.0,0.0,0.0,790.0,0.0,0.0,0.0,0.0,0.0,0.0,14.0,0.0,0.0,0.0,5.0,0.0,0.0,0.0,0.0,0.0,0.0,0.0,0.0,0.0,0.0,0.0,0.0,0.0,0.0,0.0,0.0,0.0,0.0,0.0,0.0,0.0,27.0,32.0,0.0,0.0,0.0,0.0,0.0,0.0,0.0,0.0,0.0,30.0,0.0,0.0,0.0,0.0,0.0,0.0,0.0,0.0,0.0,0.0,0.0,0.0,0.0,0.0,0.0,0.0,0.0,0.0,0.0,0.0,0.0,0.0,0.0,9.0,0.0,0.0,0.0,0.0,0.0,0.0,0.0,0.0,0.0,0.0,0.0,0.0,0.0,0.0,0.0,0.0,0.0,0.0,0.0,0.0,0.0,0.0,0.0,0.0,0.0,0.0,0.0,0.0,0.0,0.0,0.0,0.0,0.0,0.0,0.0,0.0,0.0,0.0,0.0,0.0,0.0,0.0,0.0,0.0,0.0,0.0,0.0,0.0,0.0,0.0,0.0,0.0,0.0,0.0,0.0,0.0,0.0,0.0,0.0,0.0,0.0,0.0,0.0,0.0,0.0,0.0,0.0,0.0,0.0,0.0,0.0,0.0,0.0,0.0,0.0,0.0,0.0,0.0,0.0,0.0,0.0,0.0,0.0,0.0,0.0,0.0,0.0,0.0,0.0,0.0,0.0,0.0,0.0,0.0,0.0,0.0,0.0,0.0,0.0,0.0,0.0,0.0,0.0,0.0,0.0,0.0,0.0,0.0,0.0,0.0,0.0,0.0,0.0,4.0,0.0,0.0,0.0,0.0,0.0,0.0,0.0,0.0,0.0,0.0,0.0,0.0,0.0,0.0,0.0,0.0,0.0,0.0,0.0,0.0,0.0,0.0,0.0,0.0,0.0,0.0,0.0,0.0,0.0,0.00047308620558867765,0.007392094362305189,0.050266530289459245,0.004469848246121536,0.06321205089974882,0.2126175306645723,0.4615408126000695,0.029294598590210306,0.013614243499030095,0.009238335935053027,0.0014737165077650452,0.03299507425266412,0.04956499484471699,IV-B,0.4615408126000695,IV-B
W0122,14430.0,2054.0,908.0,16.0,0.0,4189.0,0.0,3695.0,0.0,81.0,0.0,0.0,1246.0,0.0,0.0,864.0,0.0,26.0,0.0,5.0,0.0,7.0,0.0,0.0,0.0,7.0,0.0,0.0,0.0,0.0,0.0,0.0,0.0,505.0,0.0,627.0,0.0,0.0,0.0,0.0,8.0,0.0,0.0,9.0,2.0,0.0,5.0,0.0,0.0,0.0,0.0,0.0,0.0,0.0,0.0,0.0,0.0,0.0,27.0,0.0,0.0,0.0,22.0,0.0,28.0,0.0,0.0,15.0,0.0,0.0,0.0,0.0,0.0,0.0,0.0,0.0,0.0,12.0,0.0,0.0,0.0,0.0,0.0,0.0,0.0,0.0,0.0,0.0,0.0,0.0,0.0,0.0,0.0,0.0,0.0,0.0,0.0,0.0,0.0,0.0,0.0,0.0,0.0,0.0,0.0,0.0,0.0,0.0,0.0,0.0,0.0,0.0,0.0,0.0,0.0,0.0,0.0,0.0,0.0,0.0,0.0,0.0,0.0,0.0,0.0,0.0,0.0,0.0,0.0,0.0,0.0,0.0,0.0,0.0,0.0,0.0,0.0,0.0,22.0,28.0,0.0,0.0,0.0,0.0,0.0,0.0,0.0,0.0,0.0,0.0,0.0,0.0,0.0,0.0,0.0,0.0,0.0,0.0,0.0,0.0,0.0,20.0,0.0,0.0,0.0,0.0,0.0,0.0,0.0,0.0,0.0,0.0,0.0,0.0,0.0,0.0,0.0,0.0,0.0,0.0,0.0,0.0,0.0,0.0,0.0,0.0,0.0,0.0,0.0,0.0,0.0,0.0,0.0,0.0,0.0,0.0,0.0,0.0,0.0,0.0,0.0,0.0,0.0,0.0,0.0,0.0,0.0,0.0,0.0,0.0,0.0,0.0,0.0,0.0,0.0,0.0,0.0,0.0,0.0,0.0,0.0,0.0,0.0,0.0,0.0,0.0,0.0,0.0,0.0,0.0,0.0,0.0,0.0,0.0,0.0,0.0,0.0,0.0,0.0,0.0,0.0,0.0,0.0,2.0,0.0,0.0008533249983298855,0.017905339823609652,0.024376506070079733,0.14852481677544208,0.1918442586610578,0.04177169227828677,0.09714886020513328,0.15098808242708336,0.4445840759561868,0.02461966846689512,0.06998022703028431,0.09426085820475785,0.07621800547541363,IV-C1,0.4445840759561868,IV-C
